set foreign_key_checks = 0;

insert into bank_db.branches (branchCode, branchName, province, district, street)
values  ('DN001', 'Chi nhánh Đà Nẵng', 'Đà Nẵng', 'Hải Châu', 'Số 129, đường Lê Lợi'),
        ('HN', 'Hà Nội', 'Hà Nội', 'Ba Đình', 'Số 1, đường Nguyễn Chí Thanh'),
        ('HN001', 'Chi nhánh Cầu Giấy', 'Hà Nội', 'Cầu Giấy', 'Số 144, đường Xuân Thủy'),
        ('HN002', 'Chi nhánh Thanh Xuân', 'Hà Nội', 'Thanh Xuân', 'Số 72, đường Nguyễn Trãi'),
        ('HN003', 'Chi nhánh Đống Đa', 'Hà Nội', 'Đống Đa', 'Số 2, phố Tôn Thất Tùng'),
        ('HN004', 'Chi nhánh Ba Đình', 'Hà Nội', 'Ba Đình', 'Số 57, phố Láng Hạ'),
        ('HN005', 'Chi nhánh Long Biên', 'Hà Nội', 'Long Biên', 'Số 137A, đường Nguyễn Văn Cừ'),
        ('HP001', 'Chi nhánh Hải Phòng', 'Hải Phòng', 'Ngô Quyền', 'Số 126, đường Lạch Tray'),
        ('ND001', 'Chi nhánh Nam Định', 'Nam Định', 'TP.Nam Định', 'Số 202, đường Hùng Vương'),
        ('QN001', 'Chi nhánh Quảng Ninh', 'Quảng Ninh', 'Hạ Long', 'Số 74, đường Trần Hưng Đạo'),
        ('SG001', 'Chi nhánh Sài Gòn', 'TP.Hồ Chí Minh', 'Quận 1', 'Số 4, đường Võ Văn Kiệt');

insert into bank_db.products (productCode, productType, interestRate, term, minAmount, maxAmount)
values  ('CA', 'Checking', -0.01, 1, 0, null),
        ('CD-101', 'Credit', -0.5, 1, -1000000, null),
        ('CD-102', 'Credit', -0.75, 1, -5000000, null),
        ('CD-103', 'Credit', -1.5, 1, -50000000, null),
        ('SA-101', 'Saving', 1, 1, 1000000, null),
        ('SA-102', 'Saving', 2, 3, 1000000, null),
        ('SA-103', 'Saving', 3, 6, 1000000, null),
        ('SA-104', 'Saving', 5, 12, 1000000, null),
        ('SA-150', 'Saving', 1.5, 1, 1000000000, null),
        ('SA-151', 'Saving', 2.5, 3, 1000000000, null),
        ('SA-152', 'Saving', 4, 6, 1000000000, null),
        ('SA-153', 'Saving', 6.5, 12, 1000000000, null);

insert into bank_db.customers (customerID, lastName, firstName, birthDate, phoneNumber, address, creditScore)
values  ('110001', 'Trần', 'Quốc Long', '1975-05-01', '0912345678', 'Cầu Giấy, Hà Nội', 800),
        ('110002', 'Nguyễn', 'Thị Thùy Linh', '1984-01-21', '0903124524', 'Đống Đa, Hà Nội', 750),
        ('110003', 'Đào', 'Minh Thư', '1990-03-05', '0916125231', 'Thanh Xuân, Hà Nội', 750),
        ('110004', 'Nông', 'Trường An', '2003-12-31', '0357386624', 'Trực Ninh, Nam Định', 450),
        ('110013', 'Nguyễn', 'Trọng Đạt', '2002-02-25', '0347347845', 'Tam Kỳ, Quảng Nam ', 770),
        ('110111', 'Trần', 'Nguyễn Thiên An', '1998-06-03', '0556782341', 'Dĩ An, Bình Dương ', 600),
        ('110184', 'Hồ', 'Ngọc Duy', '2000-04-23', '0237634673', 'Lào Cai', 500),
        ('110234', 'Nguyễn', 'Văn An', '2003-01-04', '0347894216', 'Long Biên, Hà nội', 550),
        ('110250', 'Trịnh', 'Trần Phương Tuấn', '1997-09-07', '0810126031', 'Cầu Giấy, Hà Nội', 350),
        ('110311', 'Bùi', 'Thanh Dân', '2005-12-12', '0123456789', 'Nam Từ Liêm, Hà Nội', 500),
        ('110375', 'Lý', 'Thị Hải', '1980-10-08', '0237647535', 'Thanh Hóa', 550),
        ('110470', 'Nguyễn', 'Minh Anh', '2001-04-22', '0184562678', 'Ngô Quyền, Hải Phòng', 520),
        ('110500', 'Chu', 'Thị Phương Anh', '2005-04-09', '0949494949', 'Cầu Giấy, Hà Nội', 450),
        ('110684', 'Nguyễn', 'Ngọc Chăm', '2004-01-19', '0236648674', 'Thanh Xuân, Hà Nội', 460),
        ('110851', 'Mã', 'Ngọc Điệp', '1999-11-08', '0943467467', 'Bình Dương', 470),
        ('120001', 'Lưu', 'Phương Thảo', '1993-10-08', '0165271019', 'Hạ Long, Quảng Ninh', 720),
        ('124040', 'Mai', 'Tiến Dũng', '1990-12-15', '0914221312', 'Uông Bí, Quảng Ninh', 700),
        ('130001', 'Lê', 'Văn Luyện', '2000-02-02', '0955125125', 'Thanh Xuân, Hà Nội', 700),
        ('132101', 'Bùi', 'Minh Anh', '1999-12-01', '0912102302', 'Thanh Xuân, Hà Nội', 700),
        ('145000', 'Chu', 'Phương Thảo', '1983-02-11', '0936722111', 'Thanh Xuân, Hà Nội', 700),
        ('151234', 'Đào', 'Ngọc Điệp', '2005-12-15', '0915221367', 'Thanh Xuân, Hà Nội', 700),
        ('163131', 'Nguyễn', 'Thanh Dân', '2002-02-02', '0904142546', 'Thanh Xuân, Hà Nội', 400),
        ('172222', 'Bùi', 'Tiến Dũng', '1987-04-16', '0987146164', 'Thanh Xuân, Hà Nội', 700),
        ('180500', 'Nông', 'Thị Hải', '1989-06-06', '0989688468', 'Thanh Xuân, Hà Nội', 700),
        ('202020', 'Nguyễn', 'Thị Phương Anh', '1959-11-20', '0959111200', 'Thanh Xuân, Hà Nội', 700);

insert into bank_db.employees (employeeCode, lastName, firstName, position, department, managerCode, branchCode)
values  ('14A-0001', 'Nguyễn', 'Thế Phương', 'Nhân viên giao dịch', 'Phòng giao dịch', '14A-0005', 'QN001'),
        ('14A-0002', 'Cà', 'Thị Lệ Quyên', 'Nhân viên giao dịch', 'Phòng giao dịch', '14A-0005', 'QN001'),
        ('14A-0003', 'Nguyễn', 'Thị Huyền Trang', 'Nhân viên giao dịch', 'Phòng giao dịch', '14A-0005', 'QN001'),
        ('14A-0004', 'Nguyễn', 'Dung Nhi', 'Nhân viên giao dịch', 'Phòng giao dịch', '14A-0005', 'QN001'),
        ('14A-0005', 'Nguyễn', 'Tống Trọng', 'Trưởng phòng', 'Phòng giao dịch', '14A-0006', 'QN001'),
        ('14A-0006', 'Nguyễn', 'Trung Hiếu', 'Giám đốc chi nhánh', 'Ban giám đốc', '29A-1000', 'QN001'),
        ('14A-0007', 'Trần', 'Ngọc Ánh', 'Thư ký giám đốc', 'Ban giám đốc', '14A-0006', 'QN001'),
        ('15F-3456', 'Phạm', 'Tiến Lực', 'Trưởng phòng', 'Phòng giao dịch', '15F-6890', 'HP001'),
        ('15F-6751', 'Cao', 'Hồng Phúc', 'Nhân viên giao dịch', 'Phòng giao dịch', '15F-3456', 'HP001'),
        ('15F-6752', 'Trần', 'Lê Hoài Thương', 'Nhân viên giao dịch', 'Phòng giao dịch', '15F-3456', 'HP001'),
        ('15F-6753', 'Trần', 'Thị Vy', 'Nhân viên giao dịch', 'Phòng giao dịch', '15F-3456', 'HP001'),
        ('15F-6890', 'Đỗ', 'Hoàng Mai', 'Giám đốc chi nhánh', 'Ban giám đốc', '29A-1000', 'HP001'),
        ('18G-8925', 'Bùi', 'Trúc Quỳnh', 'Giám đốc chi nhánh', 'Ban giám đốc', '29A-1000', 'ND001'),
        ('18G-8930', 'Đinh', 'Phúc Việt', 'Trưởng phòng', 'Phòng giao dịch', '18G-8925', 'ND001'),
        ('18G-8940', 'Đỗ', 'Thị Hiền Lương ', 'Nhân viên giao dịch', 'Phòng giao dịch', '18G-8930', 'ND001'),
        ('18G-8941', 'Trần', 'Thảo Lý', 'Nhân viên giao dịch', 'Phòng giao dịch', '18G-8930', 'ND001'),
        ('18G-8942', 'Lưu', 'Thị Ngọc Mai', 'Nhân viên giao dịch', 'Phòng giao dịch', '18G-8930', 'ND001'),
        ('29A-1000', 'Nguyễn', 'Trần Huy', 'Tổng giám đốc khu vực', 'Ban giám đốc', null, 'HN'),
        ('29A-1001', 'Trương', 'Mỹ Lan', 'Tổng thư ký giám đốc', 'Ban thư ký', '29A-1000', 'HN'),
        ('29A-1002', 'Lê', 'Thị Lựu', 'Thư ký', 'Ban thư ký', '29A-1001', 'HN'),
        ('30A-0001', 'Bùi ', 'Thanh Dân', 'Giám đốc chi nhánh', 'Ban giám đốc', '29A-1000', 'HN001'),
        ('30A-0002', 'Bùi', 'Hải Đăng', 'Nhân viên giao dịch', 'Phòng giao dịch', '30A-0005', 'HN001'),
        ('30A-0003', 'Ngô', 'Đào Hoàng Anh', 'Nhân viên giao dịch', 'Phòng giao dịch', '30A-0005', 'HN001'),
        ('30A-0004', 'Nguyễn', 'Thanh Bình', 'Nhân viên giao dịch', 'Phòng giao dịch', '30A-0005', 'HN001'),
        ('30A-0005', 'Nguyễn ', 'Quang Hưng', 'Trưởng phòng', 'Phòng giao dịch', '30A-0001', 'HN001'),
        ('30A-0100', 'Gia Cát', 'Khổng Minh', 'Trưởng phòng', 'Phòng tài chính', '30A-0001', 'HN001'),
        ('30A-0101', 'Mã', 'Siêu', 'Nhân viên', 'Phòng tài chính', '30A-0100', 'HN001'),
        ('30A-0102', 'Trương', 'Phi', 'Nhân viên', 'Phòng tài chính', '30A-0100', 'HN001'),
        ('30A-0103', 'Triệu', 'Tử Long', 'Nhân viên', 'Phòng tài chính', '30A-0100', 'HN001'),
        ('30B-0010', 'Kiều', 'Bích Ngọc', 'Giám đốc chi nhánh', 'Ban giám đốc', '29A-1000', 'HN002'),
        ('30B-0011', 'Phạm', 'Hồng Nhung', 'Nhân viên giao dịch', 'Phòng giao dịch', '30B-2722', 'HN002'),
        ('30B-0020', 'Trần', 'Thị Kiều Trang', 'Nhân viên giao dịch', 'Phòng giao dịch', '30B-2722', 'HN002'),
        ('30B-2722', 'Nguyễn', 'Hoàng Sơn', 'Trưởng phòng', 'Phòng giao dịch', '30B-0010', 'HN002'),
        ('30B-6432', 'Lê', 'Thu Uyên', 'Nhân viên giao dịch', 'Phòng giao dịch', '30B-2722', 'HN002'),
        ('30C-1200', 'Nguyễn', 'Sỹ Hữu', 'Trưởng phòng', 'Phòng giao dịch', '30C-1302', 'HN003'),
        ('30C-1234', 'Nguyễn', 'Văn Long', 'Nhân viên giao dịch', 'Phòng giao dịch', '30C-1200', 'HN003'),
        ('30C-1235', 'Đỗ', 'Hà My', 'Nhân viên giao dịch', 'Phòng giao dịch', '30C-1200', 'HN003'),
        ('30C-1236', 'Lương', 'Phi Hùng', 'Nhân viên giao dịch', 'Phòng giao dịch', '30C-1200', 'HN003'),
        ('30C-1302', 'Đỗ', 'Ngọc Phương', 'Giám đốc chi nhánh', 'Ban giám đốc', '29A-1000', 'HN003'),
        ('30D-2100', 'Lê', 'Công Tú An', 'Trưởng phòng', 'Phòng giao dịch', '30D-2101', 'HN004'),
        ('30D-2101', 'Phan', 'Tuấn Hiệp', 'Giám đốc chi nhánh', 'Ban giám đốc', '29A-1000', 'HN004'),
        ('30D-2102', 'Trịnh', 'Xuân Thanh', 'Thư ký giám đốc', 'Ban giám đốc', '30D-2101', 'HN004'),
        ('30D-2103', 'Lưu', 'Văn Bị', 'Nhân viên giao dịch', 'Phòng giao dịch', '30D-2100', 'HN004'),
        ('30D-2111', 'Nguyễn', 'Phương Lan', 'Nhân viên giao dịch', 'Phòng giao dịch', '30D-2100', 'HN004'),
        ('30D-2200', 'Vũ', 'Thị Lệ', 'Nhân viên giao dịch', 'Phòng giao dịch', '30D-2100', 'HN004'),
        ('30E-2122', 'Nguyễn', 'Trần Bách', 'Nhân viên giao dịch', 'Phòng giao dịch', '30E-4321', 'HN005'),
        ('30E-4321', 'Trần', 'Hữu Lộc', 'Trưởng phòng', 'Phòng giao dịch', '30E-5555', 'HN005'),
        ('30E-5030', 'Vũ', 'Hồng Hạnh', 'Nhân viên giao dịch', 'Phòng giao dịch', '30E-4321', 'HN005'),
        ('30E-5031', 'Phan', 'Thị Thu Hà', 'Nhân viên giao dịch', 'Phòng giao dịch', '30E-4321', 'HN005'),
        ('30E-5555', 'Nguyễn', 'Vũ Trà My', 'Giám đốc chi nhánh', 'Ban giám đốc', '29A-1000', 'HN005'),
        ('43R-3349', 'Lương', 'Sơn Bá', 'Trưởng phòng', 'Phòng giao dịch', '43R-3353', 'DN001'),
        ('43R-3353', 'Chúc', 'Anh Đài', 'Giám đốc chi nhánh', 'Ban giám đốc', '29A-1000', 'DN001'),
        ('43R-3380', 'Mai', 'Thị Thảo', 'Nhân viên giao dịch', 'Phòng giao dịch', '43R-3349', 'DN001'),
        ('43R-3381', 'Trần', 'Thị Sương', 'Nhân viên giao dịch', 'Phòng giao dịch', '43R-3349', 'DN001'),
        ('43R-3382', 'Trần', 'Trường Sơn', 'Nhân viên giao dịch', 'Phòng giao dịch', '43R-3349', 'DN001'),
        ('51S-4001', 'Lò', 'Vi Sóng', 'Nhân viên giao dịch', 'Phòng giao dịch', '51S-4004', 'SG001'),
        ('51S-4002', 'Nguyễn', 'Hồ Văn Giáp', 'Nhân viên giao dịch', 'Phòng giao dịch', '51S-4004', 'SG001'),
        ('51S-4003', 'Bùi', 'Thị Ngân', 'Nhân viên giao dịch', 'Phòng giao dịch', '51S-4004', 'SG001'),
        ('51S-4004', 'Đậu', 'Ngọc Như', 'Trưởng phòng', 'Phòng giao dịch', '51S-4010', 'SG001'),
        ('51S-4010', 'Nguyễn', 'Thị Ánh Sao', 'Giám đốc chi nhánh', 'Ban giám đốc', '29A-1000', 'SG001');

insert into bank_db.accounts (accountNumber, accountName, balance, customerID, productCode, openingBranch, openingDate)
values  ('17560918', 'MAI TIEN DUNG', 150000000, '124040', 'SA-103', 'QN001', '2017-10-15 15:28:56'),
        ('17563241', 'MAI TIEN DUNG', 195000000, '124040', 'SA-103', 'QN001', '2015-08-04 09:47:11'),
        ('18224191', 'MAI TIEN DUNG', 225000000, '124040', 'SA-104', 'QN001', '2019-02-22 08:11:22'),
        ('23020396', 'LE VAN LUYEN', 5000000, '130001', 'CA', 'HN002', '2018-02-02 14:14:14'),
        ('24020001', 'LE VAN LUYEN', 150000000, '130001', 'SA-103', 'HN003', '2018-03-02 14:14:14'),
        ('24020002', 'LE VAN LUYEN', 150000000, '130001', 'SA-104', 'HN004', '2018-04-02 14:14:14'),
        ('25710009', 'NONG TRUONG AN', 25500000, '110004', 'CA', 'ND001', '2022-04-07 13:55:11'),
        ('27220369', 'DAO MINH THU', 2300000, '110003', 'CA', 'HN002', '2011-03-16 15:00:00'),
        ('37853063', 'TRAN NGUYEN THIEN AN', 74600000, '110111', 'CA', 'SG001', '2015-08-09 06:12:23'),
        ('40666382', 'NGUYEN TRONG DAT', 1500000, '110013', 'CA', 'SG001', '2023-06-18 09:07:30'),
        ('45120029', 'NGUYEN THI THUY LINH', 84950000, '110002', 'CA', 'HN001', '2011-03-06 09:41:00'),
        ('49142267', 'TRAN NGUYEN THIEN AN', 12600000, '110111', 'CA', 'SG001', '2017-11-05 10:38:00'),
        ('51540037', 'LUU PHUONG THAO', 741600000, '120001', 'CA', 'QN001', '2018-12-04 07:29:15'),
        ('52100967', 'MAI TIEN DUNG', 200000000, '124040', 'CA', 'QN001', '2015-02-28 11:05:00'),
        ('52671032', 'NGUYEN VAN AN', 41560000, '110234', 'CA', 'HN005', '2014-06-12 09:35:32'),
        ('60012992', 'LUU PHUONG THAO', 25000000, '120001', 'SA-102', 'QN001', '2020-07-11 16:18:00'),
        ('61041292', 'TRINH TRAN PHUONG TUAN', 128500000, '110250', 'CA', 'HN004', '2015-07-07 14:13:11'),
        ('65102373', 'TRAN QUOC LONG', 240000000, '110001', 'SA-150', 'HN001', '2011-04-01 10:15:00'),
        ('69782850', 'TRAN QUOC LONG', 149950000, '110001', 'CA', 'HN001', '2011-03-02 08:00:00'),
        ('70001011', 'VIEN TRI TUE NHAN TAO', 1703700000, '110001', 'CA', 'HN001', '2011-03-15 20:46:45'),
        ('71930660', 'BUI THANH DAN', 68542121, '110311', 'CD-101', 'HN001', '2018-05-01 11:00:00'),
        ('80050110', 'HO NGOC DUY', 17400000, '110184', 'CA', 'HN004', '2018-04-30 11:30:00'),
        ('80050115', 'LY THI HAI', 200000, '110375', 'CA', 'HN002', '2017-08-10 09:00:00'),
        ('80050512', 'NGUYEN MINH ANH', 34900000, '110470', 'CA', 'HP001', '2021-12-22 10:37:00'),
        ('81101234', 'MA NGOC DIEP', 470000, '110851', 'CA', 'SG001', '2020-11-09 07:09:16'),
        ('81250082', 'CHU THI PHUONG ANH', 23690000, '110500', 'CA', 'HN001', '2023-09-01 13:32:00'),
        ('84192373', 'NGUYEN NGOC CHAM', 70490000, '110684', 'CA', 'HN002', '2024-08-08 08:08:08');

insert into bank_db.transactions (transactionNumber, sourceAccount, targetAccount, transactionType, amount, time, description, employeeCode)
values  (13, null, '69782850', 'DEPOSIT', 50000000, '2011-03-09 09:15:00', 'Gui tien vao tai khoan', '30A-0002'),
        (14, null, '45120029', 'DEPOSIT', 900000, '2011-03-10 14:00:59', 'Gui tien vao tai khoan cua toi', '30A-0004'),
        (15, '70001011', '69782850', 'TRANSFER', 15000000, '2011-04-15 06:01:00', 'Vien Tri Tue Nhan Tao tra luong thang 3', '30A-0003'),
        (16, '70001011', '45120029', 'TRANSFER', 11500000, '2011-04-15 06:03:00', 'Vien Tri Tue Nhan Tao tra luong thang 3', '30A-0004'),
        (17, null, '27220369', 'DEPOSIT', 100000, '2011-04-16 07:00:00', 'Gui tien', '30B-0011'),
        (18, '27220369', null, 'WITHDRAW', 100000, '2011-04-17 07:00:00', 'Rut tien di Tam Dao', '30B-0020'),
        (19, '69782850', null, 'WITHDRAW', 10000000, '2011-04-18 08:00:00', 'Rut tien nghien cuu AI', '30A-0005'),
        (20, '69782850', '45120029', 'TRANSFER', 50000, '2011-04-18 09:00:00', 'Tra tien bat pho hoi sang', null),
        (21, '52671032', null, 'DEPOSIT', 140000, '2014-12-12 15:24:59', 'Gui tien', '30B-6432'),
        (23, '70001011', '69782850', 'TRANSFER', 15000000, '2011-05-15 06:01:00', 'Vien Tri Tue Nhan Tao tra luong thang 4', '30A-0003'),
        (24, '70001011', '45120029', 'TRANSFER', 11500000, '2011-05-15 06:03:00', 'Vien Tri Tue Nhan Tao tra luong thang 4', '30A-0004'),
        (25, '70001011', '69782850', 'TRANSFER', 15000000, '2011-06-15 06:01:00', 'Vien Tri Tue Nhan Tao tra luong thang 5', '30A-0003'),
        (26, '70001011', '45120029', 'TRANSFER', 11500000, '2011-06-15 06:03:00', 'Vien Tri Tue Nhan Tao tra luong thang 5', '30A-0004'),
        (27, '70001011', '69782850', 'TRANSFER', 15000000, '2011-07-15 06:01:00', 'Vien Tri Tue Nhan Tao tra luong thang 6', '30A-0003'),
        (28, '70001011', '45120029', 'TRANSFER', 11500000, '2011-07-15 06:03:00', 'Vien Tri Tue Nhan Tao tra luong thang 6', '30A-0004'),
        (29, '70001011', '69782850', 'TRANSFER', 15000000, '2011-08-15 06:01:00', 'Vien Tri Tue Nhan Tao tra luong thang 7', '30A-0003'),
        (30, '70001011', '45120029', 'TRANSFER', 11500000, '2011-08-15 06:03:00', 'Vien Tri Tue Nhan Tao tra luong thang 7', '30A-0004'),
        (31, '70001011', '69782850', 'TRANSFER', 15000000, '2011-09-15 06:01:00', 'Vien Tri Tue Nhan Tao tra luong thang 8', '30A-0003'),
        (32, '70001011', '45120029', 'TRANSFER', 11500000, '2011-09-15 06:03:00', 'Vien Tri Tue Nhan Tao tra luong thang 8', '30A-0004'),
        (33, null, '69782850', 'OPENING', 20000000, '2011-03-02 08:00:00', 'Mo tai khoan', '30A-0005'),
        (34, null, '45120029', 'OPENING', 15000000, '2011-03-06 09:41:00', 'Mo tai khoan', '30A-0002'),
        (35, null, '70001011', 'OPENING', 1355000000, '2011-03-15 20:46:45', 'Mo tai khoan', '30A-0002'),
        (36, null, '27220369', 'OPENING', 2300000, '2011-03-16 15:00:00', 'Mo tai khoan', '30B-6432'),
        (37, null, '65102373', 'OPENING', 240000000, '2011-04-01 10:15:00', 'Mo tai khoan', '30A-0002'),
        (38, null, '52671032', 'OPENING', 41700000, '2014-06-12 09:35:32', 'Mo tai khoan', '30E-5030'),
        (39, null, '61041292', 'OPENING', 16500000, '2015-07-07 14:13:11', 'Mo tai khoan', '30A-0002'),
        (40, null, '37853063', 'OPENING', 19600000, '2015-08-09 06:12:23', 'Mo tai khoan', '51S-4004'),
        (41, null, '80050115', 'OPENING', 200000, '2017-08-10 09:00:00', 'Mo tai khoan', '30B-0020'),
        (42, null, '49142267', 'OPENING', 12600000, '2017-11-05 10:38:00', 'Mo tai khoan', '51S-4003'),
        (43, null, '80050110', 'OPENING', 17400000, '2018-04-30 11:30:00', 'Mo tai khoan', '30D-2200'),
        (44, null, '71930660', 'OPENING', 68542121, '2018-05-01 11:00:00', 'Mo tai khoan', '30A-0002'),
        (45, null, '81101234', 'OPENING', 470000, '2020-11-09 07:09:16', 'Mo tai khoan', '51S-4002'),
        (46, null, '80050512', 'OPENING', 34900000, '2021-12-22 10:37:00', 'Mo tai khoan', '15F-6751'),
        (47, null, '25710009', 'OPENING', 500000, '2022-04-07 13:55:11', 'Mo tai khoan', '18G-8940'),
        (48, null, '40666382', 'OPENING', 1500000, '2023-06-18 09:07:30', 'Mo tai khoan', '51S-4001'),
        (49, null, '81250082', 'OPENING', 23690000, '2023-09-01 13:32:00', 'Mo tai khoan', '30A-0005'),
        (50, null, '84192373', 'OPENING', 70490000, '2024-08-08 08:08:08', 'Mo tai khoan', '30B-2722'),
        (51, null, '17560918', 'OPENING', 150000000, '2017-10-15 15:28:56', 'Mo tai khoan', '14A-0003'),
        (52, null, '17563241', 'OPENING', 195000000, '2015-08-04 09:47:11', 'Mo tai khoan', '14A-0002'),
        (53, null, '18224191', 'OPENING', 225000000, '2019-02-22 08:11:22', 'Mo tai khoan', '14A-0005'),
        (54, null, '51540037', 'OPENING', 741600000, '2018-12-04 07:29:15', 'Mo tai khoan', '14A-0004'),
        (55, null, '52100967', 'OPENING', 200000000, '2015-02-28 11:05:00', 'Mo tai khoan', '14A-0004'),
        (56, null, '60012992', 'OPENING', 25000000, '2020-07-11 16:18:00', 'Mo tai khoan', '14A-0002'),
        (57, '61041292', '37853063', 'TRANSFER', 5000000, '2021-08-01 07:00:00', 'Chu cap tien hang thang ', '51S-4001'),
        (58, '61041292', '37853063', 'TRANSFER', 5000000, '2021-09-01 07:00:00', 'Chu cap tien hang thang ', '51S-4001'),
        (59, '61041292', '37853063', 'TRANSFER', 5000000, '2021-10-01 07:00:00', 'Chu cap tien hang thang ', '51S-4004'),
        (60, '61041292', '37853063', 'TRANSFER', 5000000, '2021-11-01 07:00:00', 'Chu cap tien hang thang ', '51S-4001'),
        (61, '61041292', '37853063', 'TRANSFER', 5000000, '2021-12-01 07:00:00', 'Chu cap tien hang thang ', '51S-4001'),
        (62, '61041292', '37853063', 'TRANSFER', 5000000, '2022-01-01 07:00:00', 'Chu cap tien hang thang ', '51S-4002'),
        (63, '61041292', '37853063', 'TRANSFER', 5000000, '2022-02-01 07:00:00', 'Chu cap tien hang thang ', '51S-4004'),
        (64, '61041292', '37853063', 'TRANSFER', 5000000, '2022-03-01 07:00:00', 'Chu cap tien hang thang ', '51S-4001'),
        (65, '61041292', '37853063', 'TRANSFER', 5000000, '2022-04-01 07:00:00', 'Chu cap tien hang thang ', '51S-4001'),
        (66, '61041292', '37853063', 'TRANSFER', 5000000, '2022-05-01 07:00:00', 'Chu cap tien hang thang ', '51S-4004'),
        (67, '61041292', '37853063', 'TRANSFER', 5000000, '2022-06-01 07:00:00', 'Chu cap tien hang thang ', '51S-4003'),
        (68, '61041292', '37853063', 'TRANSFER', 5000000, '2022-07-01 07:00:00', 'Chu cap tien hang thang ', '51S-4003'),
        (69, '61041292', '37853063', 'TRANSFER', 5000000, '2022-08-01 07:00:00', 'Chu cap tien hang thang ', '51S-4004'),
        (70, '61041292', '37853063', 'TRANSFER', 5000000, '2022-09-01 07:00:00', 'Chu cap tien hang thang ', '51S-4001'),
        (71, '61041292', '37853063', 'TRANSFER', 5000000, '2022-10-01 07:00:00', 'Chu cap tien hang thang ', '51S-4004'),
        (72, '61041292', '37853063', 'TRANSFER', 5000000, '2022-11-01 07:00:00', 'Chu cap tien hang thang ', '51S-4002'),
        (73, '61041292', '37853063', 'TRANSFER', 5000000, '2022-12-01 07:00:00', 'Chu cap tien hang thang ', '51S-4004'),
        (74, '61041292', '37853063', 'TRANSFER', 5000000, '2023-01-01 07:00:00', 'Chu cap tien hang thang ', '51S-4003'),
        (75, '61041292', '37853063', 'TRANSFER', 5000000, '2023-02-01 07:00:00', 'Chu cap tien hang thang ', '51S-4001'),
        (76, '61041292', '37853063', 'TRANSFER', 5000000, '2023-03-01 07:00:00', 'Chu cap tien hang thang ', '51S-4001'),
        (77, '61041292', '37853063', 'TRANSFER', 5000000, '2023-04-01 07:00:00', 'Chu cap tien hang thang ', '51S-4002'),
        (78, '61041292', '37853063', 'TRANSFER', 5000000, '2023-05-01 07:00:00', 'Chu cap tien hang thang ', '51S-4003'),
        (79, '61041292', '37853063', 'TRANSFER', 5000000, '2023-06-01 07:00:00', 'Chu cap tien hang thang ', '51S-4001'),
        (80, null, '70001011', 'TRANSFER', 14200000, '2011-12-02 08:00:00', 'Nop hoc phi ki 1', '30D-2103'),
        (81, null, '70001011', 'TRANSFER', 16500000, '2011-12-02 09:25:00', 'Nop hoc phi ki 1', '30C-1235'),
        (82, null, '70001011', 'TRANSFER', 14200000, '2011-12-02 10:30:00', 'Nop hoc phi ki 1', '30E-5030'),
        (83, null, '70001011', 'TRANSFER', 14200000, '2011-12-02 14:00:00', 'Nop hoc phi ki 1', '30D-2103'),
        (84, null, '70001011', 'TRANSFER', 14200000, '2011-12-02 16:14:00', 'Nop hoc phi ki 1', '30D-2111'),
        (85, null, '70001011', 'TRANSFER', 16500000, '2011-12-03 07:30:00', 'Nop hoc phi ki 1', '30D-2111'),
        (86, null, '70001011', 'TRANSFER', 16500000, '2011-12-03 09:18:00', 'Nop hoc phi ki 1', '30C-1236'),
        (87, null, '70001011', 'TRANSFER', 14200000, '2011-12-03 15:47:00', 'Nop hoc phi ki 1', '30D-2200'),
        (88, null, '70001011', 'TRANSFER', 14200000, '2011-12-04 08:42:00', 'Nop hoc phi ki 1', '18G-8940'),
        (89, null, '70001011', 'TRANSFER', 16500000, '2011-12-04 07:30:00', 'Nop hoc phi ki 1', '30E-2122'),
        (90, null, '70001011', 'TRANSFER', 14200000, '2011-12-04 09:07:15', 'Nop hoc phi ki 1', '18G-8942'),
        (91, null, '70001011', 'TRANSFER', 16500000, '2011-12-04 10:11:28', 'Nop hoc phi ki 1', '30D-2103'),
        (92, null, '70001011', 'TRANSFER', 16500000, '2011-12-04 17:09:00', 'Nop hoc phi ki 1', '30A-0005'),
        (93, null, '70001011', 'TRANSFER', 16500000, '2011-12-05 07:30:00', 'Nop hoc phi ki 1', '30B-0011'),
        (94, null, '70001011', 'TRANSFER', 14200000, '2011-12-05 09:30:00', 'Nop hoc phi ki 1', '30E-5031'),
        (95, null, '70001011', 'TRANSFER', 14200000, '2011-12-05 09:48:00', 'Nop hoc phi ki 1', '30B-0020'),
        (96, null, '70001011', 'TRANSFER', 14200000, '2011-12-05 09:56:00', 'Nop hoc phi ki 1', '14A-0003'),
        (97, null, '70001011', 'TRANSFER', 16500000, '2011-12-05 10:18:00', 'Nop hoc phi ki 1', '30C-1234'),
        (98, null, '70001011', 'TRANSFER', 16500000, '2011-12-05 10:22:00', 'Nop hoc phi ki 1', '18G-8941'),
        (99, null, '70001011', 'TRANSFER', 16500000, '2011-12-05 10:30:00', 'Nop hoc phi ki 1', '18G-8942'),
        (100, null, '70001011', 'TRANSFER', 16500000, '2011-12-05 10:59:00', 'Nop hoc phi ki 1', '30C-1234'),
        (101, null, '70001011', 'TRANSFER', 14200000, '2011-12-05 11:05:00', 'Nop hoc phi ki 1', '14A-0001'),
        (102, null, '70001011', 'TRANSFER', 14200000, '2011-12-05 13:47:00', 'Nop hoc phi ki 1', '51S-4003'),
        (103, null, '70001011', 'TRANSFER', 14200000, '2011-12-05 13:48:00', 'Nop hoc phi ki 1', '14A-0002'),
        (104, null, '70001011', 'TRANSFER', 16500000, '2011-12-05 14:12:00', 'Nop hoc phi ki 1', '30B-0020'),
        (105, null, '70001011', 'TRANSFER', 16500000, '2011-12-05 15:38:00', 'Nop hoc phi ki 1', '30E-5031'),
        (106, null, '70001011', 'TRANSFER', 16500000, '2011-12-05 15:56:00', 'Nop hoc phi ki 1', '15F-6753'),
        (107, null, '70001011', 'TRANSFER', 14200000, '2011-12-05 16:12:00', 'Nop hoc phi ki 1', '30A-0002'),
        (108, null, '70001011', 'TRANSFER', 16500000, '2011-12-05 16:44:00', 'Nop hoc phi ki 1', '30A-0004'),
        (109, null, '70001011', 'TRANSFER', 14200000, '2011-12-05 17:11:00', 'Nop hoc phi ki 1', '15F-6753'),
        (110, null, '70001011', 'TRANSFER', 16500000, '2011-12-05 17:13:00', 'Nop hoc phi ki 1', '30A-0005'),
        (111, null, '70001011', 'TRANSFER', 14200000, '2011-12-05 17:35:00', 'Nop hoc phi ki 1', '43R-3381'),
        (112, null, '70001011', 'TRANSFER', 16500000, '2011-12-05 17:58:00', 'Nop hoc phi ki 1', '15F-6753'),
        (113, null, '25710009', 'DEPOSIT', 25000000, '2022-09-16 07:13:25', 'Nap tien vao tai khoan', null),
        (114, '37853063', null, 'WITHDRAW', 15000000, '2022-06-15 09:32:11', 'Rut tien mua sua cho con', null),
        (115, '37853063', null, 'WITHDRAW', 20000000, '2022-09-15 11:32:11', 'Rut tien mua sua cho con', null),
        (116, '37853063', null, 'WITHDRAW', 25000000, '2023-04-12 09:32:11', 'Rut tien mua sua cho con', null),
        (117, null, '61041292', 'DEPOSIT', 15000000, '2019-08-07 15:00:00', 'Nap tien ', '51S-4004'),
        (118, null, '61041292', 'DEPOSIT', 126000000, '2021-09-11 17:42:00', 'Nap tien vao tai khoan', '51S-4002'),
        (119, null, '61041292', 'DEPOSIT', 51000000, '2022-01-22 08:11:00', 'Nap tien vao tai khoan', '51S-4003'),
        (120, null, '61041292', 'DEPOSIT', 35000000, '2022-10-01 07:09:11', 'Nap tien vao tai khoan', '51S-4003'),
        (123, null, '23020396', 'OPENING', 5000000, '2018-02-02 14:14:14', 'Mo tai khoan', null),
        (124, null, '24020001', 'OPENING', 150000000, '2018-03-02 14:14:14', 'Mo tai khoan', null),
        (125, null, '24020002', 'OPENING', 150000000, '2018-04-02 14:14:14', 'Mo tai khoan', null);

set foreign_key_checks = 1;